scene,block_type,condition,question_SPAN,yes_prop (clean_data) TFM,yes_prop (trial_data) TFM,RT_median_by_question (trial_data) TFM,RT_p_by_scenario (trial_data) TFM,MAD_by_question TFM,MAD_p_by_scenario TFM,AUC_by_question TFM,AUC_p_by_scenario TFM,text_violation,purpose_violation,congruency,origin_ENGL,rule_ENGL,question_ENGL,character_count_ENGL,origin_SPAN,rule_SPAN,question_SPAN.1,character_count_SPAN,audio_file
authorisation,experimental,core,Un científico amateur entra en el laboratorio para hacer fotografías.,43.59%,100.00%,,,419.4789,0.068973,107939.3,0.711433,1,1,congruent,A careless member of the public caused an accident in a scientific laboratory.,"To avoid accidents, the director of a scientific laboratory issued a rule: ""Access for Laboratory Personnel Only"".",An amateur scientist enters the laboratory to take photographs.,63,Un ciudadano descuidado provocó un accidente en un laboratorio científico.,"Para evitar accidentes, el director del laboratorio estableció la siguiente regla: ""Acceso exclusivo para el personal del laboratorio"".",Un científico amateur entra en el laboratorio para hacer fotografías.,,audio/sentence_0.wav
authorisation,experimental,core,Un estudiante entra en el laboratorio para observar el trabajo de los científicos.,75.64%,100.00%,,,424.615,0.068973,115838.0,0.711433,1,1,congruent,A careless member of the public caused an accident in a scientific laboratory.,"To avoid accidents, the director of a scientific laboratory issued a rule: ""Access for Laboratory Personnel Only"".",A student enters the laboratory to observe the scientists' work.,64,Un ciudadano descuidado provocó un accidente en un laboratorio científico.,"Para evitar accidentes, el director del laboratorio estableció la siguiente regla: ""Acceso exclusivo para el personal del laboratorio"".",Un estudiante entra en el laboratorio para observar el trabajo de los científicos.,,audio/sentence_1.wav
authorisation,experimental,core,Un ladrón entra en el laboratorio por la noche para buscar y robar material.,98.72%,100.00%,,,297.8848,0.068973,84110.38,0.711433,1,1,congruent,A careless member of the public caused an accident in a scientific laboratory.,"To avoid accidents, the director of a scientific laboratory issued a rule: ""Access for Laboratory Personnel Only"".",A thief enters the laboratory overnight to find and steal equipment.,68,Un ciudadano descuidado provocó un accidente en un laboratorio científico.,"Para evitar accidentes, el director del laboratorio estableció la siguiente regla: ""Acceso exclusivo para el personal del laboratorio"".",Un ladrón entra en el laboratorio por la noche para buscar y robar material.,,audio/sentence_2.wav
authorisation,experimental,off,Un científico que trabaja en el laboratorio inicia un nuevo experimento.,6.41%,0.00%,,,392.5727,0.068973,95160.85,0.711433,0,0,congruent,A careless member of the public caused an accident in a scientific laboratory.,"To avoid accidents, the director of a scientific laboratory issued a rule: ""Access for Laboratory Personnel Only"".",A scientist working at the laboratory starts a new experiment.,62,Un ciudadano descuidado provocó un accidente en un laboratorio científico.,"Para evitar accidentes, el director del laboratorio estableció la siguiente regla: ""Acceso exclusivo para el personal del laboratorio"".",Un científico que trabaja en el laboratorio inicia un nuevo experimento.,,audio/sentence_3.wav
authorisation,experimental,off,Un turista pasa por delante del laboratorio de camino al museo de cera.,15.38%,0.00%,,,257.7689,0.068973,64055.02,0.711433,0,0,congruent,A careless member of the public caused an accident in a scientific laboratory.,"To avoid accidents, the director of a scientific laboratory issued a rule: ""Access for Laboratory Personnel Only"".",A tourist walks past the laboratory on his way to the wax museum.,65,Un ciudadano descuidado provocó un accidente en un laboratorio científico.,"Para evitar accidentes, el director del laboratorio estableció la siguiente regla: ""Acceso exclusivo para el personal del laboratorio"".",Un turista pasa por delante del laboratorio de camino al museo de cera.,,audio/sentence_4.wav
authorisation,experimental,off,Una vecina pasa por delante del laboratorio de camino a casa.,8.97%,0.00%,,,260.5099,0.068973,75844.35,0.711433,0,0,congruent,A careless member of the public caused an accident in a scientific laboratory.,"To avoid accidents, the director of a scientific laboratory issued a rule: ""Access for Laboratory Personnel Only"".",A member of the public walks past the laboratory while going home.,66,Un ciudadano descuidado provocó un accidente en un laboratorio científico.,"Para evitar accidentes, el director del laboratorio estableció la siguiente regla: ""Acceso exclusivo para el personal del laboratorio"".",Una vecina pasa por delante del laboratorio de camino a casa.,,audio/sentence_5.wav
authorisation,experimental,over,Un científico recién jubilado vuelve a recoger su maletín.,24.36%,25.68%,,,371.4269,0.068973,91666.26,0.711433,1,0,incongruent,A careless member of the public caused an accident in a scientific laboratory.,"To avoid accidents, the director of a scientific laboratory issued a rule: ""Access for Laboratory Personnel Only"".",A recently retired scientist returns to collect his briefcase.,62,Un ciudadano descuidado provocó un accidente en un laboratorio científico.,"Para evitar accidentes, el director del laboratorio estableció la siguiente regla: ""Acceso exclusivo para el personal del laboratorio"".",Un científico recién jubilado vuelve a recoger su maletín.,,audio/sentence_6.wav
authorisation,experimental,over,Un técnico especializado entra en el laboratorio para hablar de una oferta de trabajo.,41.03%,41.79%,,,402.621,0.068973,100806.4,0.711433,1,0,incongruent,A careless member of the public caused an accident in a scientific laboratory.,"To avoid accidents, the director of a scientific laboratory issued a rule: ""Access for Laboratory Personnel Only"".",A skilled technician enters the lab to discuss a job opening.,61,Un ciudadano descuidado provocó un accidente en un laboratorio científico.,"Para evitar accidentes, el director del laboratorio estableció la siguiente regla: ""Acceso exclusivo para el personal del laboratorio"".",Un técnico especializado entra en el laboratorio para hablar de una oferta de trabajo.,,audio/sentence_7.wav
authorisation,experimental,over,Una científica jubilada visita el laboratorio para dar consejos a los recién contratados.,34.62%,37.50%,,,324.9158,0.068973,70910.38,0.711433,1,0,incongruent,A careless member of the public caused an accident in a scientific laboratory.,"To avoid accidents, the director of a scientific laboratory issued a rule: ""Access for Laboratory Personnel Only"".",A retired scientist visits the lab to offer advice to new hirees.,65,Un ciudadano descuidado provocó un accidente en un laboratorio científico.,"Para evitar accidentes, el director del laboratorio estableció la siguiente regla: ""Acceso exclusivo para el personal del laboratorio"".",Una científica jubilada visita el laboratorio para dar consejos a los recién contratados.,,audio/sentence_8.wav
authorisation,experimental,under,Un científico del laboratorio realiza una tarea arriesgada mientras se siente mareado y cansado.,19.23%,21.43%,,,391.1453,0.068973,98352.09,0.711433,0,1,incongruent,A careless member of the public caused an accident in a scientific laboratory.,"To avoid accidents, the director of a scientific laboratory issued a rule: ""Access for Laboratory Personnel Only"".",A lab scientist performs a risky task while feeling dizzy and tired.,68,Un ciudadano descuidado provocó un accidente en un laboratorio científico.,"Para evitar accidentes, el director del laboratorio estableció la siguiente regla: ""Acceso exclusivo para el personal del laboratorio"".",Un científico del laboratorio realiza una tarea arriesgada mientras se siente mareado y cansado.,,audio/sentence_9.wav
authorisation,experimental,under,Un miembro del laboratorio pasa la noche durmiendo sobre un equipo de laboratorio frágil.,24.36%,26.76%,,,306.1345,0.068973,79263.92,0.711433,0,1,incongruent,A careless member of the public caused an accident in a scientific laboratory.,"To avoid accidents, the director of a scientific laboratory issued a rule: ""Access for Laboratory Personnel Only"".",A lab member spends the night sleeping on fragile lab equipment.,64,Un ciudadano descuidado provocó un accidente en un laboratorio científico.,"Para evitar accidentes, el director del laboratorio estableció la siguiente regla: ""Acceso exclusivo para el personal del laboratorio"".",Un miembro del laboratorio pasa la noche durmiendo sobre un equipo de laboratorio frágil.,,audio/sentence_10.wav
authorisation,experimental,under,Un miembro del laboratorio se queda después del trabajo y se emborracha en el laboratorio.,41.03%,39.19%,,,388.7698,0.068973,106847.2,0.711433,0,1,incongruent,A careless member of the public caused an accident in a scientific laboratory.,"To avoid accidents, the director of a scientific laboratory issued a rule: ""Access for Laboratory Personnel Only"".",A lab member stays after work and gets drunk in the laboratory.,63,Un ciudadano descuidado provocó un accidente en un laboratorio científico.,"Para evitar accidentes, el director del laboratorio estableció la siguiente regla: ""Acceso exclusivo para el personal del laboratorio"".",Un miembro del laboratorio se queda después del trabajo y se emborracha en el laboratorio.,,audio/sentence_11.wav
cars,experimental,core,Un taxista toma un atajo por el parque para ahorrar tiempo.,98.72%,100.00%,,,252.4459,0.000126,79044.01,0.385703,1,1,congruent,"At the local park, a tragic accident took place involving a pedestrian and a car.","To avoid accidents, the local authority issued a rule: ""No cars are allowed inside the park"".",A taxi driver takes a shortcut through the park to save time.,61,En un parque local se produjo un trágico accidente entre un peatón y un coche.,"Para evitar accidentes, las autoridades municipales establecieron la siguiente ordenanza: ""No se permiten coches dentro del parque"".",Un taxista toma un atajo por el parque para ahorrar tiempo.,,audio/sentence_12.wav
cars,experimental,core,Una limusina roja atraviesa el parque a petición del DJ.,96.15%,100.00%,,,227.2675,0.000126,58099.34,0.385703,1,1,congruent,"At the local park, a tragic accident took place involving a pedestrian and a car.","To avoid accidents, the local authority issued a rule: ""No cars are allowed inside the park"".",A red party limo drives through the park at the DJ's request.,61,En un parque local se produjo un trágico accidente entre un peatón y un coche.,"Para evitar accidentes, las autoridades municipales establecieron la siguiente ordenanza: ""No se permiten coches dentro del parque"".",Una limusina roja atraviesa el parque a petición del DJ.,,audio/sentence_13.wav
cars,experimental,core,Una persona conduce su coche nuevo por el parque a mediodía.,98.72%,100.00%,,,233.5095,0.000126,69894.04,0.385703,1,1,congruent,"At the local park, a tragic accident took place involving a pedestrian and a car.","To avoid accidents, the local authority issued a rule: ""No cars are allowed inside the park"".",A person test-drives their new car through the park at noon.,60,En un parque local se produjo un trágico accidente entre un peatón y un coche.,"Para evitar accidentes, las autoridades municipales establecieron la siguiente ordenanza: ""No se permiten coches dentro del parque"".",Una persona conduce su coche nuevo por el parque a mediodía.,,audio/sentence_14.wav
cars,experimental,off,Un paisajista empuja una carretilla gris por el parque.,5.13%,0.00%,,,243.624,0.000126,69602.14,0.385703,0,0,congruent,"At the local park, a tragic accident took place involving a pedestrian and a car.","To avoid accidents, the local authority issued a rule: ""No cars are allowed inside the park"".",A landscaper pushes a grey wheelbarrow through the park.,56,En un parque local se produjo un trágico accidente entre un peatón y un coche.,"Para evitar accidentes, las autoridades municipales establecieron la siguiente ordenanza: ""No se permiten coches dentro del parque"".",Un paisajista empuja una carretilla gris por el parque.,,audio/sentence_15.wav
cars,experimental,off,Una pareja pasea a su hija en un cochecito de bebe por el parque.,0.00%,0.00%,,,219.7399,0.000126,68751.08,0.385703,0,0,congruent,"At the local park, a tragic accident took place involving a pedestrian and a car.","To avoid accidents, the local authority issued a rule: ""No cars are allowed inside the park"".",A couple walk their new baby through the park in a stroller.,60,En un parque local se produjo un trágico accidente entre un peatón y un coche.,"Para evitar accidentes, las autoridades municipales establecieron la siguiente ordenanza: ""No se permiten coches dentro del parque"".",Una pareja pasea a su hija en un cochecito de bebe por el parque.,,audio/sentence_16.wav
cars,experimental,off,Una persona corre por el parque para hacer ejercicio.,0.00%,0.00%,,,239.8086,0.000126,72337.03,0.385703,0,0,congruent,"At the local park, a tragic accident took place involving a pedestrian and a car.","To avoid accidents, the local authority issued a rule: ""No cars are allowed inside the park"".",A person jogs through the park to get some daily exercise.,58,En un parque local se produjo un trágico accidente entre un peatón y un coche.,"Para evitar accidentes, las autoridades municipales establecieron la siguiente ordenanza: ""No se permiten coches dentro del parque"".",Una persona corre por el parque para hacer ejercicio.,,audio/sentence_17.wav
cars,experimental,over,Un artista instala un coche de carreras en el parque en honor a los héroes locales.,46.15%,48.61%,,,301.2968,0.000126,72429.47,0.385703,1,0,incongruent,"At the local park, a tragic accident took place involving a pedestrian and a car.","To avoid accidents, the local authority issued a rule: ""No cars are allowed inside the park"".",An artist installs a race car in the park to honor local heroes.,64,En un parque local se produjo un trágico accidente entre un peatón y un coche.,"Para evitar accidentes, las autoridades municipales establecieron la siguiente ordenanza: ""No se permiten coches dentro del parque"".",Un artista instala un coche de carreras en el parque en honor a los héroes locales.,,audio/sentence_18.wav
cars,experimental,over,Un jardinero aparca un camión en el parque para podar un árbol.,32.05%,32.88%,,,290.056,0.000126,70829.14,0.385703,1,0,incongruent,"At the local park, a tragic accident took place involving a pedestrian and a car.","To avoid accidents, the local authority issued a rule: ""No cars are allowed inside the park"".",A landscaper parks a truck in the park to remove a tree.,56,En un parque local se produjo un trágico accidente entre un peatón y un coche.,"Para evitar accidentes, las autoridades municipales establecieron la siguiente ordenanza: ""No se permiten coches dentro del parque"".",Un jardinero aparca un camión en el parque para podar un árbol.,,audio/sentence_19.wav
cars,experimental,over,Un señor conduce lentamente una grúa por el parque para retirar un coche.,21.79%,21.92%,,,420.8264,0.000126,100151.6,0.385703,1,0,incongruent,"At the local park, a tragic accident took place involving a pedestrian and a car.","To avoid accidents, the local authority issued a rule: ""No cars are allowed inside the park"".",A man drives a tow-truck slowly into the park to remove a car.,62,En un parque local se produjo un trágico accidente entre un peatón y un coche.,"Para evitar accidentes, las autoridades municipales establecieron la siguiente ordenanza: ""No se permiten coches dentro del parque"".",Un señor conduce lentamente una grúa por el parque para retirar un coche.,,audio/sentence_20.wav
cars,experimental,under,Un grupo de amigos recorre el parque en una bicibar.,8.97%,9.59%,,,216.2161,0.000126,54619.65,0.385703,0,1,incongruent,"At the local park, a tragic accident took place involving a pedestrian and a car.","To avoid accidents, the local authority issued a rule: ""No cars are allowed inside the park"".",A group of friends cycle through the park on a beer bike.,57,En un parque local se produjo un trágico accidente entre un peatón y un coche.,"Para evitar accidentes, las autoridades municipales establecieron la siguiente ordenanza: ""No se permiten coches dentro del parque"".",Un grupo de amigos recorre el parque en una bicibar.,,audio/sentence_21.wav
cars,experimental,under,Un repartidor en moto toma un atajo por el parque.,71.79%,74.32%,,,262.1865,0.000126,74265.05,0.385703,0,1,incongruent,"At the local park, a tragic accident took place involving a pedestrian and a car.","To avoid accidents, the local authority issued a rule: ""No cars are allowed inside the park"".",A motorcycle courier takes a shortcut through the park.,55,En un parque local se produjo un trágico accidente entre un peatón y un coche.,"Para evitar accidentes, las autoridades municipales establecieron la siguiente ordenanza: ""No se permiten coches dentro del parque"".",Un repartidor en moto toma un atajo por el parque.,,audio/sentence_22.wav
cars,experimental,under,Una persona atraviesa el parque a toda velocidad en su patinete eléctrico.,25.64%,27.03%,,,313.5949,0.000126,76903.45,0.385703,0,1,incongruent,"At the local park, a tragic accident took place involving a pedestrian and a car.","To avoid accidents, the local authority issued a rule: ""No cars are allowed inside the park"".",A person speeds through the park in their electric scooter.,59,En un parque local se produjo un trágico accidente entre un peatón y un coche.,"Para evitar accidentes, las autoridades municipales establecieron la siguiente ordenanza: ""No se permiten coches dentro del parque"".",Una persona atraviesa el parque a toda velocidad en su patinete eléctrico.,,audio/sentence_23.wav
dogs,experimental,core,Un cliente almuerza en el restaurante con su galgo.,96.15%,100.00%,,,308.7741,0.00156,79530.99,0.432478,1,1,congruent,A restaurant's customers had their meals interrupted by a poorly behaved pet dog.,"To address this problem, the owner posted a rule: ""No dogs allowed in the restaurant"".",A customer has lunch at the restaurant with his pet greyhound.,62,Un perro mal adiestrado frecuentemente incordiaba a los clientes de un restaurante.,"Para solucionar el problema, el dueño estableció una regla: ""No se admiten perros en el restaurante"".",Un cliente almuerza en el restaurante con su galgo.,,audio/sentence_24.wav
dogs,experimental,core,Una clienta lleva a su bulldog al restaurante para comer.,98.72%,100.00%,,,213.6173,0.00156,69232.74,0.432478,1,1,congruent,A restaurant's customers had their meals interrupted by a poorly behaved pet dog.,"To address this problem, the owner posted a rule: ""No dogs allowed in the restaurant"".",A customer brings her pet bulldog into the restaurant for lunch.,64,Un perro mal adiestrado frecuentemente incordiaba a los clientes de un restaurante.,"Para solucionar el problema, el dueño estableció una regla: ""No se admiten perros en el restaurante"".",Una clienta lleva a su bulldog al restaurante para comer.,,audio/sentence_25.wav
dogs,experimental,core,Una pareja lleva a su mastín al restaurante para cenar.,97.44%,100.00%,,,278.6634,0.00156,86786.68,0.432478,1,1,congruent,A restaurant's customers had their meals interrupted by a poorly behaved pet dog.,"To address this problem, the owner posted a rule: ""No dogs allowed in the restaurant"".",A couple bring their pet foxhound into the restaurant for dinner.,65,Un perro mal adiestrado frecuentemente incordiaba a los clientes de un restaurante.,"Para solucionar el problema, el dueño estableció una regla: ""No se admiten perros en el restaurante"".",Una pareja lleva a su mastín al restaurante para cenar.,,audio/sentence_26.wav
dogs,experimental,off,Un carpintero lleva su caja de herramientas al restaurante a la hora de comer.,0.00%,0.00%,,,216.8759,0.00156,60066.31,0.432478,0,0,congruent,A restaurant's customers had their meals interrupted by a poorly behaved pet dog.,"To address this problem, the owner posted a rule: ""No dogs allowed in the restaurant"".",A carpenter brings his toolbox along to the restaurant at lunch.,64,Un perro mal adiestrado frecuentemente incordiaba a los clientes de un restaurante.,"Para solucionar el problema, el dueño estableció una regla: ""No se admiten perros en el restaurante"".",Un carpintero lleva su caja de herramientas al restaurante a la hora de comer.,,audio/sentence_27.wav
dogs,experimental,off,Un cliente entra en el restaurante con su bicicleta plegable.,0.00%,0.00%,,,274.1401,0.00156,74762.73,0.432478,0,0,congruent,A restaurant's customers had their meals interrupted by a poorly behaved pet dog.,"To address this problem, the owner posted a rule: ""No dogs allowed in the restaurant"".",A customer walks into the restaurant with her foldable bike.,60,Un perro mal adiestrado frecuentemente incordiaba a los clientes de un restaurante.,"Para solucionar el problema, el dueño estableció una regla: ""No se admiten perros en el restaurante"".",Un cliente entra en el restaurante con su bicicleta plegable.,,audio/sentence_28.wav
dogs,experimental,off,Un cliente trae consigo al restaurante una pila de libros usados.,0.00%,0.00%,,,285.7801,0.00156,72098.17,0.432478,0,0,congruent,A restaurant's customers had their meals interrupted by a poorly behaved pet dog.,"To address this problem, the owner posted a rule: ""No dogs allowed in the restaurant"".",A customer brings a stack of used books into the restaurant.,60,Un perro mal adiestrado frecuentemente incordiaba a los clientes de un restaurante.,"Para solucionar el problema, el dueño estableció una regla: ""No se admiten perros en el restaurante"".",Un cliente trae consigo al restaurante una pila de libros usados.,,audio/sentence_29.wav
dogs,experimental,over,Un hombre lleva a un perro herido al restaurante para pedir ayuda.,29.49%,31.51%,,,298.4006,0.00156,55243.11,0.432478,1,0,incongruent,A restaurant's customers had their meals interrupted by a poorly behaved pet dog.,"To address this problem, the owner posted a rule: ""No dogs allowed in the restaurant"".",A man carries an injured dog into the restaurant to ask for help.,65,Un perro mal adiestrado frecuentemente incordiaba a los clientes de un restaurante.,"Para solucionar el problema, el dueño estableció una regla: ""No se admiten perros en el restaurante"".",Un hombre lleva a un perro herido al restaurante para pedir ayuda.,,audio/sentence_30.wav
dogs,experimental,over,Una persona invidente trae al restaurante a su perro guía adiestrado.,32.05%,34.25%,,,303.301,0.00156,80922.54,0.432478,1,0,incongruent,A restaurant's customers had their meals interrupted by a poorly behaved pet dog.,"To address this problem, the owner posted a rule: ""No dogs allowed in the restaurant"".",A blind man brings his trained guide dog into the restaurant.,61,Un perro mal adiestrado frecuentemente incordiaba a los clientes de un restaurante.,"Para solucionar el problema, el dueño estableció una regla: ""No se admiten perros en el restaurante"".",Una persona invidente trae al restaurante a su perro guía adiestrado.,,audio/sentence_31.wav
dogs,experimental,over,Una veterana de guerra lleva al restaurante a su perro de terapia.,51.28%,53.42%,,,371.9212,0.00156,90883.18,0.432478,1,0,incongruent,A restaurant's customers had their meals interrupted by a poorly behaved pet dog.,"To address this problem, the owner posted a rule: ""No dogs allowed in the restaurant"".",A veteran brings her trained therapy dog into the restaurant.,61,Un perro mal adiestrado frecuentemente incordiaba a los clientes de un restaurante.,"Para solucionar el problema, el dueño estableció una regla: ""No se admiten perros en el restaurante"".",Una veterana de guerra lleva al restaurante a su perro de terapia.,,audio/sentence_32.wav
dogs,experimental,under,Un artista lleva a su revoltoso mono mascota al restaurante.,35.90%,35.53%,,,283.8103,0.00156,75655.77,0.432478,0,1,incongruent,A restaurant's customers had their meals interrupted by a poorly behaved pet dog.,"To address this problem, the owner posted a rule: ""No dogs allowed in the restaurant"".",An artist brings his rowdy pet monkey into the restaurant.,58,Un perro mal adiestrado frecuentemente incordiaba a los clientes de un restaurante.,"Para solucionar el problema, el dueño estableció una regla: ""No se admiten perros en el restaurante"".",Un artista lleva a su revoltoso mono mascota al restaurante.,,audio/sentence_33.wav
dogs,experimental,under,Un científico lleva al restaurante a un zorro salvaje.,43.59%,43.42%,,,302.2488,0.00156,73828.24,0.432478,0,1,incongruent,A restaurant's customers had their meals interrupted by a poorly behaved pet dog.,"To address this problem, the owner posted a rule: ""No dogs allowed in the restaurant"".",An animal scientist brings a misbehaved fox into the restaurant.,64,Un perro mal adiestrado frecuentemente incordiaba a los clientes de un restaurante.,"Para solucionar el problema, el dueño estableció una regla: ""No se admiten perros en el restaurante"".",Un científico lleva al restaurante a un zorro salvaje.,,audio/sentence_34.wav
dogs,experimental,under,Un cliente entra en el restaurante con su loro parlanchín.,26.92%,27.63%,,,322.4781,0.00156,93318.61,0.432478,0,1,incongruent,A restaurant's customers had their meals interrupted by a poorly behaved pet dog.,"To address this problem, the owner posted a rule: ""No dogs allowed in the restaurant"".",A customer walks into the restaurant with his talkative parrot.,63,Un perro mal adiestrado frecuentemente incordiaba a los clientes de un restaurante.,"Para solucionar el problema, el dueño estableció una regla: ""No se admiten perros en el restaurante"".",Un cliente entra en el restaurante con su loro parlanchín.,,audio/sentence_35.wav
drinking,experimental,core,Un joven conduce después de beber copas en un festival de música.,97.44%,100.00%,,,198.5933,0.000179,46710.96,0.027575,1,1,congruent,Drunk drivers pose a serious risk to other road users.,"To reduce traffic accidents, a zero tolerance law is passed: ""Driving with any trace of alcohol is strictly forbidden"".",A young man drives home after drinking heavily at a music festival.,68,Los conductores ebrios suponen un grave riesgo para los demás usuarios de la vía pública.,"Para reducir los accidentes de tráfico, se aprobó una política de tolerancia cero: ""Prohibido conducir con cualquier tasa de alcohol"".",Un joven conduce después de beber copas en un festival de música.,,audio/sentence_36.wav
drinking,experimental,core,Una mujer conduce a casa después de beber whisky en el cine.,97.44%,100.00%,,,238.7062,0.000179,63433.36,0.027575,1,1,congruent,Drunk drivers pose a serious risk to other road users.,"To reduce traffic accidents, a zero tolerance law is passed: ""Driving with any trace of alcohol is strictly forbidden"".",A woman drives home after drinking whiskey at the movie theater.,64,Los conductores ebrios suponen un grave riesgo para los demás usuarios de la vía pública.,"Para reducir los accidentes de tráfico, se aprobó una política de tolerancia cero: ""Prohibido conducir con cualquier tasa de alcohol"".",Una mujer conduce a casa después de beber whisky en el cine.,,audio/sentence_37.wav
drinking,experimental,core,"Una noche, dos motoristas borrachos se echan una carrera en una oscura carretera secundaria.",100.00%,100.00%,,,233.155,0.000179,61117.29,0.027575,1,1,congruent,Drunk drivers pose a serious risk to other road users.,"To reduce traffic accidents, a zero tolerance law is passed: ""Driving with any trace of alcohol is strictly forbidden"".",One night two drunk motorbikers race each other on a dark backroad.,67,Los conductores ebrios suponen un grave riesgo para los demás usuarios de la vía pública.,"Para reducir los accidentes de tráfico, se aprobó una política de tolerancia cero: ""Prohibido conducir con cualquier tasa de alcohol"".","Una noche, dos motoristas borrachos se echan una carrera en una oscura carretera secundaria.",,audio/sentence_38.wav
drinking,experimental,off,Un hombre sobrio mueve su coche para dejar salir a un invitado.,10.26%,0.00%,,,238.0156,0.000179,57439.37,0.027575,0,0,congruent,Drunk drivers pose a serious risk to other road users.,"To reduce traffic accidents, a zero tolerance law is passed: ""Driving with any trace of alcohol is strictly forbidden"".",A sober man re-parks his car in the cul-de-sac to let a guest out.,66,Los conductores ebrios suponen un grave riesgo para los demás usuarios de la vía pública.,"Para reducir los accidentes de tráfico, se aprobó una política de tolerancia cero: ""Prohibido conducir con cualquier tasa de alcohol"".",Un hombre sobrio mueve su coche para dejar salir a un invitado.,,audio/sentence_39.wav
drinking,experimental,off,Un hombre sobrio vuelve a casa en moto después de jugar a juegos de mesa.,10.26%,0.00%,,,268.8491,0.000179,72318.83,0.027575,0,0,congruent,Drunk drivers pose a serious risk to other road users.,"To reduce traffic accidents, a zero tolerance law is passed: ""Driving with any trace of alcohol is strictly forbidden"".",A sober man rides his motorcycle home after playing board games.,64,Los conductores ebrios suponen un grave riesgo para los demás usuarios de la vía pública.,"Para reducir los accidentes de tráfico, se aprobó una política de tolerancia cero: ""Prohibido conducir con cualquier tasa de alcohol"".",Un hombre sobrio vuelve a casa en moto después de jugar a juegos de mesa.,,audio/sentence_40.wav
drinking,experimental,off,Una mujer conduce después de beber un refresco en el cine.,0.00%,0.00%,,,328.7518,0.000179,93195.16,0.027575,0,0,congruent,Drunk drivers pose a serious risk to other road users.,"To reduce traffic accidents, a zero tolerance law is passed: ""Driving with any trace of alcohol is strictly forbidden"".",A woman drives home after drinking soda at the movie theater.,61,Los conductores ebrios suponen un grave riesgo para los demás usuarios de la vía pública.,"Para reducir los accidentes de tráfico, se aprobó una política de tolerancia cero: ""Prohibido conducir con cualquier tasa de alcohol"".",Una mujer conduce después de beber un refresco en el cine.,,audio/sentence_41.wav
drinking,experimental,over,Un hombre borracho lleva a su mujer al hospital cuando se pone de parto.,83.33%,84.93%,,,321.3774,0.000179,68802.53,0.027575,1,0,incongruent,Drunk drivers pose a serious risk to other road users.,"To reduce traffic accidents, a zero tolerance law is passed: ""Driving with any trace of alcohol is strictly forbidden"".",A drunk man drives his wife to the hospital as she goes into labor.,67,Los conductores ebrios suponen un grave riesgo para los demás usuarios de la vía pública.,"Para reducir los accidentes de tráfico, se aprobó una política de tolerancia cero: ""Prohibido conducir con cualquier tasa de alcohol"".",Un hombre borracho lleva a su mujer al hospital cuando se pone de parto.,,audio/sentence_42.wav
drinking,experimental,over,Un vecino toma un sorbo de vino y mueve su coche para dejar salir a sus invitados.,44.87%,46.58%,,,369.2989,0.000179,99024.18,0.027575,1,0,incongruent,Drunk drivers pose a serious risk to other road users.,"To reduce traffic accidents, a zero tolerance law is passed: ""Driving with any trace of alcohol is strictly forbidden"".",A neighbor sips on wine and re-parks his car in the cul-de-sac.,63,Los conductores ebrios suponen un grave riesgo para los demás usuarios de la vía pública.,"Para reducir los accidentes de tráfico, se aprobó una política de tolerancia cero: ""Prohibido conducir con cualquier tasa de alcohol"".",Un vecino toma un sorbo de vino y mueve su coche para dejar salir a sus invitados.,,audio/sentence_43.wav
drinking,experimental,over,Una persona conduce al trabajo después de usar enjuague bucal con alcohol.,12.82%,12.50%,,,286.714,0.000179,83419.51,0.027575,1,0,incongruent,Drunk drivers pose a serious risk to other road users.,"To reduce traffic accidents, a zero tolerance law is passed: ""Driving with any trace of alcohol is strictly forbidden"".",A person drives to work after using alcohol-based mouthwash.,60,Los conductores ebrios suponen un grave riesgo para los demás usuarios de la vía pública.,"Para reducir los accidentes de tráfico, se aprobó una política de tolerancia cero: ""Prohibido conducir con cualquier tasa de alcohol"".",Una persona conduce al trabajo después de usar enjuague bucal con alcohol.,,audio/sentence_44.wav
drinking,experimental,under,Un joven vuelve a casa en moto después de fumar marihuana.,25.64%,24.32%,,,290.5601,0.000179,75805.22,0.027575,0,1,incongruent,Drunk drivers pose a serious risk to other road users.,"To reduce traffic accidents, a zero tolerance law is passed: ""Driving with any trace of alcohol is strictly forbidden"".",A young man rides his motorcycle home after smoking marihuana.,62,Los conductores ebrios suponen un grave riesgo para los demás usuarios de la vía pública.,"Para reducir los accidentes de tráfico, se aprobó una política de tolerancia cero: ""Prohibido conducir con cualquier tasa de alcohol"".",Un joven vuelve a casa en moto después de fumar marihuana.,,audio/sentence_45.wav
drinking,experimental,under,Una mujer conduce de vuelta a casa tras consumir éxtasis en un festival de música.,34.62%,36.00%,,,317.9695,0.000179,83799.66,0.027575,0,1,incongruent,Drunk drivers pose a serious risk to other road users.,"To reduce traffic accidents, a zero tolerance law is passed: ""Driving with any trace of alcohol is strictly forbidden"".",A woman drives home after taking ecstasy at a music festival.,62,Los conductores ebrios suponen un grave riesgo para los demás usuarios de la vía pública.,"Para reducir los accidentes de tráfico, se aprobó una política de tolerancia cero: ""Prohibido conducir con cualquier tasa de alcohol"".",Una mujer conduce de vuelta a casa tras consumir éxtasis en un festival de música.,,audio/sentence_46.wav
drinking,experimental,under,"Una noche de tormenta, dos motoristas sobrios se echan una carrera en una oscura carretera secundaria.",32.05%,33.33%,,,298.1416,0.000179,67211.19,0.027575,0,1,incongruent,Drunk drivers pose a serious risk to other road users.,"To reduce traffic accidents, a zero tolerance law is passed: ""Driving with any trace of alcohol is strictly forbidden"".",One stormy night two sober motorbikers race each other on a dark backroad.,74,Los conductores ebrios suponen un grave riesgo para los demás usuarios de la vía pública.,"Para reducir los accidentes de tráfico, se aprobó una política de tolerancia cero: ""Prohibido conducir con cualquier tasa de alcohol"".","Una noche de tormenta, dos motoristas sobrios se echan una carrera en una oscura carretera secundaria.",,audio/sentence_47.wav
phone,experimental,core,Un alumno juega a un juego en su teléfono en lugar de prestar atención.,98.72%,100.00%,,,231.1149,0.004436,67604.42,0.075143,1,1,congruent,Classes at a local school were frequently disrupted by students using their phones.,"To get students to pay attention in class, the headmaster announced: ""Phones may not be used in the classroom"".",A student plays a game on his phone instead of paying attention.,64,"En una escuela local, las clases se veían  interrumpidas por los alumnos al usar sus teléfonos móviles.","Para que los alumnos prestaran atención en clase, el director anunció: ""Prohibido usar el teléfono en clase"".",Un alumno juega a un juego en su teléfono en lugar de prestar atención.,,audio/sentence_48.wav
phone,experimental,core,Un estudiante navega con el móvil en lugar de seguir la lección.,98.72%,100.00%,,,221.3214,0.004436,70643.33,0.075143,1,1,congruent,Classes at a local school were frequently disrupted by students using their phones.,"To get students to pay attention in class, the headmaster announced: ""Phones may not be used in the classroom"".",A student browses her phone instead of following her lesson.,60,"En una escuela local, las clases se veían  interrumpidas por los alumnos al usar sus teléfonos móviles.","Para que los alumnos prestaran atención en clase, el director anunció: ""Prohibido usar el teléfono en clase"".",Un estudiante navega con el móvil en lugar de seguir la lección.,,audio/sentence_49.wav
phone,experimental,core,Una alumna envía mensajes a sus amigos por el móvil y no presta atención.,100.00%,100.00%,,,229.1815,0.004436,73075.9,0.075143,1,1,congruent,Classes at a local school were frequently disrupted by students using their phones.,"To get students to pay attention in class, the headmaster announced: ""Phones may not be used in the classroom"".",A student texts friends on her phone and pays no attention.,59,"En una escuela local, las clases se veían  interrumpidas por los alumnos al usar sus teléfonos móviles.","Para que los alumnos prestaran atención en clase, el director anunció: ""Prohibido usar el teléfono en clase"".",Una alumna envía mensajes a sus amigos por el móvil y no presta atención.,,audio/sentence_50.wav
phone,experimental,off,Un estudiante consulta el libro de texto para responder a una pregunta en clase.,0.00%,0.00%,,,274.2743,0.004436,64409.37,0.075143,0,0,congruent,Classes at a local school were frequently disrupted by students using their phones.,"To get students to pay attention in class, the headmaster announced: ""Phones may not be used in the classroom"".",A student consults the textbook to answer a question in class.,62,"En una escuela local, las clases se veían  interrumpidas por los alumnos al usar sus teléfonos móviles.","Para que los alumnos prestaran atención en clase, el director anunció: ""Prohibido usar el teléfono en clase"".",Un estudiante consulta el libro de texto para responder a una pregunta en clase.,,audio/sentence_51.wav
phone,experimental,off,Una estudiante llega pronto a clase y saca su estuche de lápices.,0.00%,0.00%,,,258.1438,0.004436,69791.29,0.075143,0,0,congruent,Classes at a local school were frequently disrupted by students using their phones.,"To get students to pay attention in class, the headmaster announced: ""Phones may not be used in the classroom"".",A student arrives early to class and takes out her pencil case.,63,"En una escuela local, las clases se veían  interrumpidas por los alumnos al usar sus teléfonos móviles.","Para que los alumnos prestaran atención en clase, el director anunció: ""Prohibido usar el teléfono en clase"".",Una estudiante llega pronto a clase y saca su estuche de lápices.,,audio/sentence_52.wav
phone,experimental,off,Una estudiante toma apuntes a mano para entender mejor el temario.,2.56%,0.00%,,,267.3556,0.004436,60652.18,0.075143,0,0,congruent,Classes at a local school were frequently disrupted by students using their phones.,"To get students to pay attention in class, the headmaster announced: ""Phones may not be used in the classroom"".",A student takes notes by hand to help her understand a lesson.,62,"En una escuela local, las clases se veían  interrumpidas por los alumnos al usar sus teléfonos móviles.","Para que los alumnos prestaran atención en clase, el director anunció: ""Prohibido usar el teléfono en clase"".",Una estudiante toma apuntes a mano para entender mejor el temario.,,audio/sentence_53.wav
phone,experimental,over,Un alumno diabético recibe una alerta en su teléfono para ponerse la insulina.,15.38%,16.22%,,,272.9413,0.004436,79435.39,0.075143,1,0,incongruent,Classes at a local school were frequently disrupted by students using their phones.,"To get students to pay attention in class, the headmaster announced: ""Phones may not be used in the classroom"".",A diabetic student gets an alert on her phone to take her insulin.,66,"En una escuela local, las clases se veían  interrumpidas por los alumnos al usar sus teléfonos móviles.","Para que los alumnos prestaran atención en clase, el director anunció: ""Prohibido usar el teléfono en clase"".",Un alumno diabético recibe una alerta en su teléfono para ponerse la insulina.,,audio/sentence_54.wav
phone,experimental,over,Un alumno utiliza la calculadora de su teléfono para la tarea de clase.,55.13%,55.41%,,,343.3328,0.004436,76939.77,0.075143,1,0,incongruent,Classes at a local school were frequently disrupted by students using their phones.,"To get students to pay attention in class, the headmaster announced: ""Phones may not be used in the classroom"".",A student uses his phone's calculator for the in-class assignment.,66,"En una escuela local, las clases se veían  interrumpidas por los alumnos al usar sus teléfonos móviles.","Para que los alumnos prestaran atención en clase, el director anunció: ""Prohibido usar el teléfono en clase"".",Un alumno utiliza la calculadora de su teléfono para la tarea de clase.,,audio/sentence_55.wav
phone,experimental,over,Una alumna utiliza su teléfono como pisapapeles para mantener juntos sus apuntes.,34.62%,35.14%,,,356.9641,0.004436,84031.99,0.075143,1,0,incongruent,Classes at a local school were frequently disrupted by students using their phones.,"To get students to pay attention in class, the headmaster announced: ""Phones may not be used in the classroom"".",A student uses her phone as a paperweight to keep papers together.,66,"En una escuela local, las clases se veían  interrumpidas por los alumnos al usar sus teléfonos móviles.","Para que los alumnos prestaran atención en clase, el director anunció: ""Prohibido usar el teléfono en clase"".",Una alumna utiliza su teléfono como pisapapeles para mantener juntos sus apuntes.,,audio/sentence_56.wav
phone,experimental,under,Un alumno juega en su tablet en lugar de prestar atención en clase.,55.13%,54.17%,,,225.8943,0.004436,67601.85,0.075143,0,1,incongruent,Classes at a local school were frequently disrupted by students using their phones.,"To get students to pay attention in class, the headmaster announced: ""Phones may not be used in the classroom"".",A student plays on his tablet instead of paying attention in class.,67,"En una escuela local, las clases se veían  interrumpidas por los alumnos al usar sus teléfonos móviles.","Para que los alumnos prestaran atención en clase, el director anunció: ""Prohibido usar el teléfono en clase"".",Un alumno juega en su tablet en lugar de prestar atención en clase.,,audio/sentence_57.wav
phone,experimental,under,Un estudiante envía mensajes a sus amigos a través del portátil y no presta atención.,52.56%,52.00%,,,303.1572,0.004436,84204.62,0.075143,0,1,incongruent,Classes at a local school were frequently disrupted by students using their phones.,"To get students to pay attention in class, the headmaster announced: ""Phones may not be used in the classroom"".",A student messages friends on his laptop and pays no attention.,63,"En una escuela local, las clases se veían  interrumpidas por los alumnos al usar sus teléfonos móviles.","Para que los alumnos prestaran atención en clase, el director anunció: ""Prohibido usar el teléfono en clase"".",Un estudiante envía mensajes a sus amigos a través del portátil y no presta atención.,,audio/sentence_58.wav
phone,experimental,under,Una alumna lee noticias en su tablet y no sigue la clase.,60.26%,59.74%,,,272.0058,0.004436,81064.14,0.075143,0,1,incongruent,Classes at a local school were frequently disrupted by students using their phones.,"To get students to pay attention in class, the headmaster announced: ""Phones may not be used in the classroom"".",A student reads news on her tablet and doesn't follow the lesson.,65,"En una escuela local, las clases se veían  interrumpidas por los alumnos al usar sus teléfonos móviles.","Para que los alumnos prestaran atención en clase, el director anunció: ""Prohibido usar el teléfono en clase"".",Una alumna lee noticias en su tablet y no sigue la clase.,,audio/sentence_59.wav
shoes,experimental,core,Un invitado lleva los mocasines mojados y ensucia el suelo.,96.15%,100.00%,,,248.3601,0.003782,67484.69,0.739812,1,1,congruent,A friend entered Mary's house wearing shoes and dirtied the carpets.,"To keep her house clean, Mary established the rule: ""No one may wear shoes in the house"".",A guest wears wet deck shoes and dirties the floors.,52,Una amiga entró en casa de María con zapatos y ensució las alfombras.,"Para mantener su casa limpia, María anunció la siguiente regla: ""Quitarse los zapatos al entrar en casa"".",Un invitado lleva los mocasines mojados y ensucia el suelo.,,audio/sentence_60.wav
shoes,experimental,core,Una invitada lleva las zapatillas de deporte embarradas y ensucia las alfombras.,98.72%,100.00%,,,209.8961,0.003782,55222.95,0.739812,1,1,congruent,A friend entered Mary's house wearing shoes and dirtied the carpets.,"To keep her house clean, Mary established the rule: ""No one may wear shoes in the house"".",A guest wears muddy sneakers and dirties the carpets.,53,Una amiga entró en casa de María con zapatos y ensució las alfombras.,"Para mantener su casa limpia, María anunció la siguiente regla: ""Quitarse los zapatos al entrar en casa"".",Una invitada lleva las zapatillas de deporte embarradas y ensucia las alfombras.,,audio/sentence_61.wav
shoes,experimental,core,Una invitada lleva zapatos de tacon y ensucia las alfombras.,98.72%,100.00%,,,268.5801,0.003782,68465.33,0.739812,1,1,congruent,A friend entered Mary's house wearing shoes and dirtied the carpets.,"To keep her house clean, Mary established the rule: ""No one may wear shoes in the house"".",A guest wears stilettos and the carpets get pretty dirty.,57,Una amiga entró en casa de María con zapatos y ensució las alfombras.,"Para mantener su casa limpia, María anunció la siguiente regla: ""Quitarse los zapatos al entrar en casa"".",Una invitada lleva zapatos de tacon y ensucia las alfombras.,,audio/sentence_62.wav
shoes,experimental,off,Un huésped camina descalzo y mantiene limpia la moqueta.,2.56%,0.00%,,,319.0703,0.003782,81552.92,0.739812,0,0,congruent,A friend entered Mary's house wearing shoes and dirtied the carpets.,"To keep her house clean, Mary established the rule: ""No one may wear shoes in the house"".",A guest walks around barefoot and keeps the carpet clean.,57,Una amiga entró en casa de María con zapatos y ensució las alfombras.,"Para mantener su casa limpia, María anunció la siguiente regla: ""Quitarse los zapatos al entrar en casa"".",Un huésped camina descalzo y mantiene limpia la moqueta.,,audio/sentence_63.wav
shoes,experimental,off,Un invitado camina descalzo y el suelo se mantiene limpio.,2.56%,0.00%,,,242.7443,0.003782,72848.86,0.739812,0,0,congruent,A friend entered Mary's house wearing shoes and dirtied the carpets.,"To keep her house clean, Mary established the rule: ""No one may wear shoes in the house"".",A guest walks around barefoot and the floor stays clean.,56,Una amiga entró en casa de María con zapatos y ensució las alfombras.,"Para mantener su casa limpia, María anunció la siguiente regla: ""Quitarse los zapatos al entrar en casa"".",Un invitado camina descalzo y el suelo se mantiene limpio.,,audio/sentence_64.wav
shoes,experimental,off,Una invitada se pasea en calcetines y mantiene el suelo limpio.,3.85%,0.00%,,,288.9183,0.003782,71260.47,0.739812,0,0,congruent,A friend entered Mary's house wearing shoes and dirtied the carpets.,"To keep her house clean, Mary established the rule: ""No one may wear shoes in the house"".",A guest walks around in socks and keeps the floor clean.,56,Una amiga entró en casa de María con zapatos y ensució las alfombras.,"Para mantener su casa limpia, María anunció la siguiente regla: ""Quitarse los zapatos al entrar en casa"".",Una invitada se pasea en calcetines y mantiene el suelo limpio.,,audio/sentence_65.wav
shoes,experimental,over,Un invitado lleva sus zapatillas nuevas y el suelo se mantiene limpio.,91.03%,90.79%,,,413.3775,0.003782,89985.89,0.739812,1,0,incongruent,A friend entered Mary's house wearing shoes and dirtied the carpets.,"To keep her house clean, Mary established the rule: ""No one may wear shoes in the house"".",A guest wears his new sneakers and the floor stays clean.,57,Una amiga entró en casa de María con zapatos y ensució las alfombras.,"Para mantener su casa limpia, María anunció la siguiente regla: ""Quitarse los zapatos al entrar en casa"".",Un invitado lleva sus zapatillas nuevas y el suelo se mantiene limpio.,,audio/sentence_66.wav
shoes,experimental,over,Un invitado lleva zapatos nuevos y mantiene el suelo limpio.,87.18%,89.19%,,,378.5053,0.003782,89550.71,0.739812,1,0,incongruent,A friend entered Mary's house wearing shoes and dirtied the carpets.,"To keep her house clean, Mary established the rule: ""No one may wear shoes in the house"".",A guest wears brand new shoes and keeps the floor clean.,56,Una amiga entró en casa de María con zapatos y ensució las alfombras.,"Para mantener su casa limpia, María anunció la siguiente regla: ""Quitarse los zapatos al entrar en casa"".",Un invitado lleva zapatos nuevos y mantiene el suelo limpio.,,audio/sentence_67.wav
shoes,experimental,over,Una invitada lleva tacones de aguja y mantiene limpia la moqueta.,88.46%,88.16%,,,320.6673,0.003782,65899.8,0.739812,1,0,incongruent,A friend entered Mary's house wearing shoes and dirtied the carpets.,"To keep her house clean, Mary established the rule: ""No one may wear shoes in the house"".",A guest wears clean stilettos and keeps the carpet clean.,57,Una amiga entró en casa de María con zapatos y ensució las alfombras.,"Para mantener su casa limpia, María anunció la siguiente regla: ""Quitarse los zapatos al entrar en casa"".",Una invitada lleva tacones de aguja y mantiene limpia la moqueta.,,audio/sentence_68.wav
shoes,experimental,under,A un invitado descalzo le sangra un dedo del pie y mancha las alfombras.,8.97%,9.33%,,,231.1792,0.003782,54203.51,0.739812,0,1,incongruent,A friend entered Mary's house wearing shoes and dirtied the carpets.,"To keep her house clean, Mary established the rule: ""No one may wear shoes in the house"".",A barefoot guest has a bleeding toe and stains the carpets.,59,Una amiga entró en casa de María con zapatos y ensució las alfombras.,"Para mantener su casa limpia, María anunció la siguiente regla: ""Quitarse los zapatos al entrar en casa"".",A un invitado descalzo le sangra un dedo del pie y mancha las alfombras.,,audio/sentence_69.wav
shoes,experimental,under,Un invitado entra con los calcetines embarrados y ensucia el suelo.,32.05%,33.78%,,,273.8944,0.003782,63538.64,0.739812,0,1,incongruent,A friend entered Mary's house wearing shoes and dirtied the carpets.,"To keep her house clean, Mary established the rule: ""No one may wear shoes in the house"".",A guest walks in with muddy socks and dirties the floor.,56,Una amiga entró en casa de María con zapatos y ensució las alfombras.,"Para mantener su casa limpia, María anunció la siguiente regla: ""Quitarse los zapatos al entrar en casa"".",Un invitado entra con los calcetines embarrados y ensucia el suelo.,,audio/sentence_70.wav
shoes,experimental,under,Una invitada anda descalza y ensucia las alfombras.,12.82%,13.16%,,,265.198,0.003782,66763.51,0.739812,0,1,incongruent,A friend entered Mary's house wearing shoes and dirtied the carpets.,"To keep her house clean, Mary established the rule: ""No one may wear shoes in the house"".",A guest walks around barefoot and dirties the carpets.,54,Una amiga entró en casa de María con zapatos y ensució las alfombras.,"Para mantener su casa limpia, María anunció la siguiente regla: ""Quitarse los zapatos al entrar en casa"".",Una invitada anda descalza y ensucia las alfombras.,,audio/sentence_71.wav
shoot,experimental,core,"Un cazador, armado con un rifle, dispara al primer ciervo que ve.",100.00%,100.00%,,,161.3053,0.004444,45625.65,0.101345,1,1,congruent,Deer have become an endangered species.,"To protect the deer population, parliament enacts a law: ""It is an offense to shoot deer"". ","A hunter, armed with a rifle, fires on the first deer he sees.",62,El ciervo se ha convertido en una especie en peligro de extinción.,"Para proteger la población de ciervos, el parlamento promulgó una ley: ""Es delito disparar a los ciervos"".","Un cazador, armado con un rifle, dispara al primer ciervo que ve.",,audio/sentence_72.wav
shoot,experimental,core,Un hombre se adentra en el bosque local y dispara a un ciervo.,100.00%,100.00%,,,255.611,0.004444,82267.37,0.101345,1,1,congruent,Deer have become an endangered species.,"To protect the deer population, parliament enacts a law: ""It is an offense to shoot deer"". ",A man heads deep into the local forest and shoots a deer.,57,El ciervo se ha convertido en una especie en peligro de extinción.,"Para proteger la población de ciervos, el parlamento promulgó una ley: ""Es delito disparar a los ciervos"".",Un hombre se adentra en el bosque local y dispara a un ciervo.,,audio/sentence_73.wav
shoot,experimental,core,Una mujer entra en una reserva natural donde dispara a dos ciervos.,97.44%,100.00%,,,304.9103,0.004444,69244.6,0.101345,1,1,congruent,Deer have become an endangered species.,"To protect the deer population, parliament enacts a law: ""It is an offense to shoot deer"". ",A woman enters a wildlife reserve where she shoots two deer.,60,El ciervo se ha convertido en una especie en peligro de extinción.,"Para proteger la población de ciervos, el parlamento promulgó una ley: ""Es delito disparar a los ciervos"".",Una mujer entra en una reserva natural donde dispara a dos ciervos.,,audio/sentence_74.wav
shoot,experimental,off,Un hombre da un paseo por el parque y fotografía a los ciervos que hay allí.,1.28%,0.00%,,,248.6529,0.004444,61759.2,0.101345,0,0,congruent,Deer have become an endangered species.,"To protect the deer population, parliament enacts a law: ""It is an offense to shoot deer"". ",A man takes a walk in the park and photographs the deer there.,62,El ciervo se ha convertido en una especie en peligro de extinción.,"Para proteger la población de ciervos, el parlamento promulgó una ley: ""Es delito disparar a los ciervos"".",Un hombre da un paseo por el parque y fotografía a los ciervos que hay allí.,,audio/sentence_75.wav
shoot,experimental,off,Un hombre se adentra en el bosque y ve varios ciervos.,0.00%,0.00%,,,310.3465,0.004444,82486.85,0.101345,0,0,congruent,Deer have become an endangered species.,"To protect the deer population, parliament enacts a law: ""It is an offense to shoot deer"". ",A man heads deep into the local forest and sees several deer.,61,El ciervo se ha convertido en una especie en peligro de extinción.,"Para proteger la población de ciervos, el parlamento promulgó una ley: ""Es delito disparar a los ciervos"".",Un hombre se adentra en el bosque y ve varios ciervos.,,audio/sentence_76.wav
shoot,experimental,off,Una mujer camina por el bosque con una linterna y una fiambrera.,1.28%,0.00%,,,238.1002,0.004444,53947.09,0.101345,0,0,congruent,Deer have become an endangered species.,"To protect the deer population, parliament enacts a law: ""It is an offense to shoot deer"". ",A woman hikes in the woods carrying a flashlight and a lunch box.,65,El ciervo se ha convertido en una especie en peligro de extinción.,"Para proteger la población de ciervos, el parlamento promulgó una ley: ""Es delito disparar a los ciervos"".",Una mujer camina por el bosque con una linterna y una fiambrera.,,audio/sentence_77.wav
shoot,experimental,over,Un excursionista encuentra un ciervo moribundo y le dispara para aliviar su dolor.,65.38%,67.61%,,,369.9905,0.004444,97482.12,0.101345,1,0,incongruent,Deer have become an endangered species.,"To protect the deer population, parliament enacts a law: ""It is an offense to shoot deer"". ",A hiker finds a dying deer and shoots it to relieve its pain.,61,El ciervo se ha convertido en una especie en peligro de extinción.,"Para proteger la población de ciervos, el parlamento promulgó una ley: ""Es delito disparar a los ciervos"".",Un excursionista encuentra un ciervo moribundo y le dispara para aliviar su dolor.,,audio/sentence_78.wav
shoot,experimental,over,Un granjero dispara a un ciervo para acabar con su sufrimiento tras haber sido atropellado.,55.13%,56.94%,,,285.9429,0.004444,56402.16,0.101345,1,0,incongruent,Deer have become an endangered species.,"To protect the deer population, parliament enacts a law: ""It is an offense to shoot deer"". ",A farmer shoots a deer to end its suffering after it was run over.,66,El ciervo se ha convertido en una especie en peligro de extinción.,"Para proteger la población de ciervos, el parlamento promulgó una ley: ""Es delito disparar a los ciervos"".",Un granjero dispara a un ciervo para acabar con su sufrimiento tras haber sido atropellado.,,audio/sentence_79.wav
shoot,experimental,over,Un veterinario dispara a un ciervo con una enfermedad que amenaza a toda la manada.,42.31%,45.83%,,,359.0865,0.004444,90346.78,0.101345,1,0,incongruent,Deer have become an endangered species.,"To protect the deer population, parliament enacts a law: ""It is an offense to shoot deer"". ",A vet shoots a deer with a disease that threatens the whole herd.,65,El ciervo se ha convertido en una especie en peligro de extinción.,"Para proteger la población de ciervos, el parlamento promulgó una ley: ""Es delito disparar a los ciervos"".",Un veterinario dispara a un ciervo con una enfermedad que amenaza a toda la manada.,,audio/sentence_80.wav
shoot,experimental,under,Un agricultor rocía veneno en su terreno para matar a los ciervos locales.,62.82%,64.47%,,,276.9396,0.004444,82683.0,0.101345,0,1,incongruent,Deer have become an endangered species.,"To protect the deer population, parliament enacts a law: ""It is an offense to shoot deer"". ",A farmer sprays poison in his woodland to kill the local deer.,62,El ciervo se ha convertido en una especie en peligro de extinción.,"Para proteger la población de ciervos, el parlamento promulgó una ley: ""Es delito disparar a los ciervos"".",Un agricultor rocía veneno en su terreno para matar a los ciervos locales.,,audio/sentence_81.wav
shoot,experimental,under,Un hombre atrapa a un ciervo con una trampa y le aplica una inyección letal.,60.26%,59.21%,,,247.6981,0.004444,68535.82,0.101345,0,1,incongruent,Deer have become an endangered species.,"To protect the deer population, parliament enacts a law: ""It is an offense to shoot deer"". ",A man catches a deer using a trap and gives it a lethal injection.,66,El ciervo se ha convertido en una especie en peligro de extinción.,"Para proteger la población de ciervos, el parlamento promulgó una ley: ""Es delito disparar a los ciervos"".",Un hombre atrapa a un ciervo con una trampa y le aplica una inyección letal.,,audio/sentence_82.wav
shoot,experimental,under,Un hombre atrapa y mata a una cría de ciervo con un cuchillo de caza.,61.54%,62.67%,,,237.3637,0.004444,59033.3,0.101345,0,1,incongruent,Deer have become an endangered species.,"To protect the deer population, parliament enacts a law: ""It is an offense to shoot deer"". ",A man catches and kills a lone baby deer with a hunting knife.,62,El ciervo se ha convertido en una especie en peligro de extinción.,"Para proteger la población de ciervos, el parlamento promulgó una ley: ""Es delito disparar a los ciervos"".",Un hombre atrapa y mata a una cría de ciervo con un cuchillo de caza.,,audio/sentence_83.wav
sleep,experimental,core,Un mochilero pasa la noche durmiendo en un banco de la estación.,97.44%,100.00%,,,204.8763,0.029185,70369.02,0.379175,1,1,congruent,A group of vagrants often slept on the benches of the local train station.,"To avoid people spending the night at the train station, the manager posted a rule: ""No sleeping allowed on the benches"".",A backpacker spends the night sleeping on a station bench.,58,Un grupo de vagabundos dormía a menudo en los bancos de la estación de tren.,"Para evitar que la gente pernoctara en la estación de tren, el gerente anunció una nueva  norma: ""Prohibido dormir en los bancos de la estación"".",Un mochilero pasa la noche durmiendo en un banco de la estación.,,audio/sentence_84.wav
sleep,experimental,core,Una bailarina de discoteca se queda dormida en un banco de la estación después del trabajo.,84.62%,100.00%,,,327.326,0.029185,81940.5,0.379175,1,1,congruent,A group of vagrants often slept on the benches of the local train station.,"To avoid people spending the night at the train station, the manager posted a rule: ""No sleeping allowed on the benches"".",A nightclub dancer falls asleep on a station bench after work.,62,Un grupo de vagabundos dormía a menudo en los bancos de la estación de tren.,"Para evitar que la gente pernoctara en la estación de tren, el gerente anunció una nueva  norma: ""Prohibido dormir en los bancos de la estación"".",Una bailarina de discoteca se queda dormida en un banco de la estación después del trabajo.,,audio/sentence_85.wav
sleep,experimental,core,Una persona sin techo pasa la noche durmiendo en un banco de la estación.,98.72%,100.00%,,,251.1634,0.029185,73014.24,0.379175,1,1,congruent,A group of vagrants often slept on the benches of the local train station.,"To avoid people spending the night at the train station, the manager posted a rule: ""No sleeping allowed on the benches"".",A vagrant spends the night sleeping on a bench at the station.,62,Un grupo de vagabundos dormía a menudo en los bancos de la estación de tren.,"Para evitar que la gente pernoctara en la estación de tren, el gerente anunció una nueva  norma: ""Prohibido dormir en los bancos de la estación"".",Una persona sin techo pasa la noche durmiendo en un banco de la estación.,,audio/sentence_86.wav
sleep,experimental,off,Una mochilera busca su teléfono perdido en el andén de la estación.,0.00%,0.00%,,,222.4948,0.029185,61078.74,0.379175,0,0,congruent,A group of vagrants often slept on the benches of the local train station.,"To avoid people spending the night at the train station, the manager posted a rule: ""No sleeping allowed on the benches"".",A backpacker looks for her lost phone on the station platform.,62,Un grupo de vagabundos dormía a menudo en los bancos de la estación de tren.,"Para evitar que la gente pernoctara en la estación de tren, el gerente anunció una nueva  norma: ""Prohibido dormir en los bancos de la estación"".",Una mochilera busca su teléfono perdido en el andén de la estación.,,audio/sentence_87.wav
sleep,experimental,off,Una mujer de negocios entra en la estación y compra su billete de tren.,1.28%,0.00%,,,285.094,0.029185,63685.83,0.379175,0,0,congruent,A group of vagrants often slept on the benches of the local train station.,"To avoid people spending the night at the train station, the manager posted a rule: ""No sleeping allowed on the benches"".",A businesswoman enters the station and buys her train ticket.,61,Un grupo de vagabundos dormía a menudo en los bancos de la estación de tren.,"Para evitar que la gente pernoctara en la estación de tren, el gerente anunció una nueva  norma: ""Prohibido dormir en los bancos de la estación"".",Una mujer de negocios entra en la estación y compra su billete de tren.,,audio/sentence_88.wav
sleep,experimental,off,Una viajera se sienta en un banco de la estación mientras espera su tren.,1.28%,0.00%,,,269.4347,0.029185,75688.7,0.379175,0,0,congruent,A group of vagrants often slept on the benches of the local train station.,"To avoid people spending the night at the train station, the manager posted a rule: ""No sleeping allowed on the benches"".",A commuter sits on a station bench while waiting for her train.,63,Un grupo de vagabundos dormía a menudo en los bancos de la estación de tren.,"Para evitar que la gente pernoctara en la estación de tren, el gerente anunció una nueva  norma: ""Prohibido dormir en los bancos de la estación"".",Una viajera se sienta en un banco de la estación mientras espera su tren.,,audio/sentence_89.wav
sleep,experimental,over,Un mochilero se sienta en un banco de la estación y se echa una siesta de cinco minutos.,51.28%,51.95%,,,273.726,0.029185,76964.06,0.379175,1,0,incongruent,A group of vagrants often slept on the benches of the local train station.,"To avoid people spending the night at the train station, the manager posted a rule: ""No sleeping allowed on the benches"".",A backpacker sits on a station bench and takes a five-minute nap.,65,Un grupo de vagabundos dormía a menudo en los bancos de la estación de tren.,"Para evitar que la gente pernoctara en la estación de tren, el gerente anunció una nueva  norma: ""Prohibido dormir en los bancos de la estación"".",Un mochilero se sienta en un banco de la estación y se echa una siesta de cinco minutos.,,audio/sentence_90.wav
sleep,experimental,over,Un viajero se queda dormido brevemente en un banco esperando su tren.,38.46%,40.28%,,,258.2557,0.029185,70096.31,0.379175,1,0,incongruent,A group of vagrants often slept on the benches of the local train station.,"To avoid people spending the night at the train station, the manager posted a rule: ""No sleeping allowed on the benches"".",A commuter briefly falls asleep on a bench waiting for his train.,65,Un grupo de vagabundos dormía a menudo en los bancos de la estación de tren.,"Para evitar que la gente pernoctara en la estación de tren, el gerente anunció una nueva  norma: ""Prohibido dormir en los bancos de la estación"".",Un viajero se queda dormido brevemente en un banco esperando su tren.,,audio/sentence_91.wav
sleep,experimental,over,Una trabajadora dormita brevemente en un banco esperando a su jefe.,39.74%,41.33%,,,283.2069,0.029185,73812.0,0.379175,1,0,incongruent,A group of vagrants often slept on the benches of the local train station.,"To avoid people spending the night at the train station, the manager posted a rule: ""No sleeping allowed on the benches"".",A shift worker briefly dozes on a bench waiting for her manager.,64,Un grupo de vagabundos dormía a menudo en los bancos de la estación de tren.,"Para evitar que la gente pernoctara en la estación de tren, el gerente anunció una nueva  norma: ""Prohibido dormir en los bancos de la estación"".",Una trabajadora dormita brevemente en un banco esperando a su jefe.,,audio/sentence_92.wav
sleep,experimental,under,Un mochilero pasa la noche durmiendo detrás de un banco de la estación.,42.31%,45.07%,,,297.5786,0.029185,65002.06,0.379175,0,1,incongruent,A group of vagrants often slept on the benches of the local train station.,"To avoid people spending the night at the train station, the manager posted a rule: ""No sleeping allowed on the benches"".",A backpacker spends the night sleeping behind a station bench.,62,Un grupo de vagabundos dormía a menudo en los bancos de la estación de tren.,"Para evitar que la gente pernoctara en la estación de tren, el gerente anunció una nueva  norma: ""Prohibido dormir en los bancos de la estación"".",Un mochilero pasa la noche durmiendo detrás de un banco de la estación.,,audio/sentence_93.wav
sleep,experimental,under,"Un señor sin techo pasa toda la noche en un banco, pero no duerme.",11.54%,12.33%,,,329.1832,0.029185,87498.69,0.379175,0,1,incongruent,A group of vagrants often slept on the benches of the local train station.,"To avoid people spending the night at the train station, the manager posted a rule: ""No sleeping allowed on the benches"".",A vagrant spends the whole night on a bench but does not sleep.,63,Un grupo de vagabundos dormía a menudo en los bancos de la estación de tren.,"Para evitar que la gente pernoctara en la estación de tren, el gerente anunció una nueva  norma: ""Prohibido dormir en los bancos de la estación"".","Un señor sin techo pasa toda la noche en un banco, pero no duerme.",,audio/sentence_94.wav
sleep,experimental,under,Un vagabundo pasa la noche durmiendo en el suelo de la estación.,33.33%,33.77%,,,331.987,0.029185,85133.13,0.379175,0,1,incongruent,A group of vagrants often slept on the benches of the local train station.,"To avoid people spending the night at the train station, the manager posted a rule: ""No sleeping allowed on the benches"".",A vagrant spends the night sleeping on the station floor.,57,Un grupo de vagabundos dormía a menudo en los bancos de la estación de tren.,"Para evitar que la gente pernoctara en la estación de tren, el gerente anunció una nueva  norma: ""Prohibido dormir en los bancos de la estación"".",Un vagabundo pasa la noche durmiendo en el suelo de la estación.,,audio/sentence_95.wav
